benchmark,run1_ns,run2_ns,run3_ns,median_ns,min_ns,max_ns
ipc_rtt_64B/pipe,10141.324125500669,9607.456254647106,10224.722567159748,10141.324125500669,9607.456254647106,10224.722567159748
ipc_rtt_64B/ringfire_busy_spin,295.1891930583148,289.79725549410375,286.4536320014921,289.79725549410375,286.4536320014921,295.1891930583148
ipc_rtt_64B/ringfire_futex_no_spin,4427.730718336484,4456.910032406157,6080.024886975623,4456.910032406157,4427.730718336484,6080.024886975623
ipc_rtt_64B/ringfire_futex_wait,421.1463023421744,440.7787689263233,357.2794790002912,421.1463023421744,357.2794790002912,440.7787689263233
ipc_rtt_64B/tcp_loopback,21514.74472648564,21673.75240279598,21482.76200265252,21514.74472648564,21482.76200265252,21673.75240279598
ipc_rtt_64B/unix_domain_socket,6551.723587260991,7158.6931876524195,6542.894406077348,6551.723587260991,6542.894406077348,7158.6931876524195
push_throughput/fixed_slot/1KB,186.84717971209528,165.98335227778819,164.43978084529843,165.98335227778819,164.43978084529843,186.84717971209528
push_throughput/fixed_slot/256B,57.19277693191913,40.75927814276576,42.64041146216017,42.64041146216017,40.75927814276576,57.19277693191913
push_throughput/fixed_slot/32B,8.41898709315376,8.554455774512633,8.627085546353925,8.554455774512633,8.41898709315376,8.627085546353925
push_throughput/fixed_slot/64B,10.466708441624265,10.596011587833289,11.353935440446318,10.596011587833289,10.466708441624265,11.353935440446318
push_throughput/payload_arena/1KB,177.8726878669276,191.7473673570424,197.15317137057292,191.7473673570424,177.8726878669276,197.15317137057292
push_throughput/payload_arena/256B,49.21466358067683,52.09629248963913,51.32554766641986,51.32554766641986,49.21466358067683,52.09629248963913
push_throughput/payload_arena/32B,21.18994052430985,21.23296337453701,47.04204856462441,21.23296337453701,21.18994052430985,47.04204856462441
push_throughput/payload_arena/64B,23.106799291571402,21.940590118707995,24.57538545001954,23.106799291571402,21.940590118707995,24.57538545001954
push_throughput/payload_arena/64KB,4318.152275082919,4030.9708284592243,4128.77928803733,4128.77928803733,4030.9708284592243,4318.152275082919
push_throughput/payload_arena/8KB,1259.1169616174145,1190.9621264876057,1082.253864962928,1190.9621264876057,1082.253864962928,1259.1169616174145
recv_throughput/fixed_slot/64B,23.85143865284805,22.289144954505776,22.326640451055255,22.326640451055255,22.289144954505776,23.85143865284805
recv_throughput/payload_arena_copy/1KB,133.89285759570237,104.48445686974995,109.2162903682147,109.2162903682147,104.48445686974995,133.89285759570237
recv_throughput/payload_arena_copy/64B,17.865881395446678,17.814104023246962,17.84025415915695,17.84025415915695,17.814104023246962,17.865881395446678
recv_throughput/payload_arena_view_inplace/1KB,27.041895584142033,26.338648225690477,27.248456552643923,27.041895584142033,26.338648225690477,27.248456552643923
ringfire_blackboard/seqlock_read_o1,11.134133560528849,11.095837989823785,11.081516279452602,11.095837989823785,11.081516279452602,11.134133560528849
ringfire_blackboard/seqlock_write_o1,7.071054384003796,7.060962279857813,7.060104878210989,7.060962279857813,7.060104878210989,7.071054384003796
ringfire_latency/ping_pong_rtt,117.13082265791803,117.15464492813477,117.08920999948995,117.13082265791803,117.08920999948995,117.15464492813477
ringfire_throughput/spmc_batch_recv_32,364.8497218512876,363.09955313627444,361.577030358405,363.09955313627444,361.577030358405,364.8497218512876
ringfire_throughput/spmc_push,11.324328059556105,11.079194436905865,10.258459238261638,11.079194436905865,10.258459238261638,11.324328059556105
ringfire_throughput/spmc_push_with_reader_lossless,35.24663834840595,36.38265528948054,36.54718250086215,36.38265528948054,35.24663834840595,36.54718250086215
ringfire_throughput/spmc_push_with_reader_lossy,35.46068008306814,35.01477259442903,36.49085026149808,35.46068008306814,35.01477259442903,36.49085026149808
ringfire_throughput/spmc_try_recv,10.910258499905101,10.832808936742392,10.835131776934762,10.835131776934762,10.832808936742392,10.910258499905101
